{
  "auth": {
    "login": "https://api.myxl.xlaxiata.co.id/user/api/v8/login",
    "verify_otp": "https://api.myxl.xlaxiata.co.id/user/api/v8/verify-otp",
    "refresh_token": "https://api.myxl.xlaxiata.co.id/user/api/v8/refresh-token",
    "logout": "https://api.myxl.xlaxiata.co.id/user/api/v8/logout"
  },
  "user": {
    "profile": "https://api.myxl.xlaxiata.co.id/user/api/v8/profile",
    "balance": "https://api.myxl.xlaxiata.co.id/user/api/v8/balance",
    "quota": "https://api.myxl.xlaxiata.co.id/user/api/v8/quota",
    "linked_accounts": "https://api.myxl.xlaxiata.co.id/user/api/v8/linked-accounts"
  },
  "payments": {
    "inquiry": "https://api.myxl.xlaxiata.co.id/payments/api/v8/inquiry",
    "purchase": "https://api.myxl.xlaxiata.co.id/payments/api/v8/settlement-multipayment",
    "methods": "https://api.myxl.xlaxiata.co.id/payments/api/v8/payment-methods",
    "history": "https://api.myxl.xlaxiata.co.id/payments/api/v8/transaction-history"
  },
  "products": {
    "package_list": "https://api.myxl.xlaxiata.co.id/products/api/v8/package-list",
    "package_detail": "https://api.myxl.xlaxiata.co.id/products/api/v8/package-detail",
    "promotions": "https://api.myxl.xlaxiata.co.id/products/api/v8/promotions"
  },
  "rewards": {
    "list": "https://api.myxl.xlaxiata.co.id/rewards/api/v8/list",
    "redeem": "https://api.myxl.xlaxiata.co.id/rewards/api/v8/redeem",
    "history": "https://api.myxl.xlaxiata.co.id/rewards/api/v8/history"
  },
  "xdata": {
    "log_event": "https://api.myxl.xlaxiata.co.id/xdata/api/v8/log-event",
    "device": "https://api.myxl.xlaxiata.co.id/xdata/api/v8/device",
    "report_event": "https://api.myxl.xlaxiata.co.id/xdata/api/v8/report-event"
  },
  "content": {
    "banners": "https://api.myxl.xlaxiata.co.id/content/api/v8/banners",
    "news": "https://api.myxl.xlaxiata.co.id/content/api/v8/news"
  },
  "security": {
    "public_key": "https://api.myxl.xlaxiata.co.id/security/api/v8/public-key",
    "session": "https://api.myxl.xlaxiata.co.id/security/api/v8/session",
    "challenge": "https://api.myxl.xlaxiata.co.id/security/api/v8/challenge"
  },
  "app": {
    "config": "https://api.myxl.xlaxiata.co.id/app/api/v8/config"
  }
}